0000	002F	00
0030	0039	02
003A	0040	00
0041	005A	20
005B	0060	00
0061	007A	20
007B	00A9	00
00AA	00AA	10
00AB	00B1	00
00B2	00B3	08
00B4	00B4	00
00B5	00B5	20
00B6	00B8	00
00B9	00B9	08
00BA	00BA	10
00BB	00BB	00
00BC	00BE	08
00BF	00BF	00
00C0	00D6	20
00D7	00D7	00
00D8	00F6	20
00F7	00F7	00
00F8	01BA	20
01BB	01BB	10
01BC	01BF	20
01C0	01C3	10
01C4	0293	20
0294	0294	10
0295	02C1	20
02C2	02C5	00
02C6	02D1	20
02D2	02DF	00
02E0	02E4	20
02E5	02EB	00
02EC	02EC	20
02ED	02ED	00
02EE	02EE	20
02EF	02FF	00
0300	036F	01
0370	0374	20
0375	0375	00
0376	0377	20
0378	0379	00
037A	037D	20
037E	037E	00
037F	037F	20
0380	0385	00
0386	0386	20
0387	0387	00
0388	038A	20
038B	038B	00
038C	038C	20
038D	038D	00
038E	03A1	20
03A2	03A2	00
03A3	03F5	20
03F6	03F6	00
03F7	0481	20
0482	0482	00
0483	0487	01
0488	0489	00
048A	052F	20
0530	0530	00
0531	0556	20
0557	0558	00
0559	0559	20
055A	055F	00
0560	0588	20
0589	0590	00
0591	05BD	01
05BE	05BE	00
05BF	05BF	01
05C0	05C0	00
05C1	05C2	01
05C3	05C3	00
05C4	05C5	01
05C6	05C6	00
05C7	05C7	01
05C8	05CF	00
05D0	05EA	10
05EB	05EE	00
05EF	05F2	10
05F3	060F	00
0610	061A	01
061B	061F	00
0620	063F	10
0640	0640	20
0641	064A	10
064B	065F	01
0660	0669	02
066A	066D	00
066E	066F	10
0670	0670	01
0671	06D3	10
06D4	06D4	00
06D5	06D5	10
06D6	06DC	01
06DD	06DE	00
06DF	06E4	01
06E5	06E6	20
06E7	06E8	01
06E9	06E9	00
06EA	06ED	01
06EE	06EF	10
06F0	06F9	02
06FA	06FC	10
06FD	06FE	00
06FF	06FF	10
0700	070F	00
0710	0710	10
0711	0711	01
0712	072F	10
0730	074A	01
074B	074C	00
074D	07A5	10
07A6	07B0	01
07B1	07B1	10
07B2	07BF	00
07C0	07C9	02
07CA	07EA	10
07EB	07F3	01
07F4	07F5	20
07F6	07F9	00
07FA	07FA	20
07FB	07FC	00
07FD	07FD	01
07FE	07FF	00
0800	0815	10
0816	0819	01
081A	081A	20
081B	0823	01
0824	0824	20
0825	0827	01
0828	0828	20
0829	082D	01
082E	083F	00
0840	0858	10
0859	085B	01
085C	085F	00
0860	086A	10
086B	089F	00
08A0	08B4	10
08B5	08B5	00
08B6	08C7	10
08C8	08D2	00
08D3	08E1	01
08E2	08E2	00
08E3	0902	01
0903	0903	00
0904	0939	10
093A	093A	01
093B	093B	00
093C	093C	01
093D	093D	10
093E	0940	00
0941	0948	01
0949	094C	00
094D	094D	01
094E	094F	00
0950	0950	10
0951	0957	01
0958	0961	10
0962	0963	01
0964	0965	00
0966	096F	02
0970	0970	00
0971	0971	20
0972	0980	10
0981	0981	01
0982	0984	00
0985	098C	10
098D	098E	00
098F	0990	10
0991	0992	00
0993	09A8	10
09A9	09A9	00
09AA	09B0	10
09B1	09B1	00
09B2	09B2	10
09B3	09B5	00
09B6	09B9	10
09BA	09BB	00
09BC	09BC	01
09BD	09BD	10
09BE	09C0	00
09C1	09C4	01
09C5	09CC	00
09CD	09CD	01
09CE	09CE	10
09CF	09DB	00
09DC	09DD	10
09DE	09DE	00
09DF	09E1	10
09E2	09E3	01
09E4	09E5	00
09E6	09EF	02
09F0	09F1	10
09F2	09F3	00
09F4	09F9	08
09FA	09FB	00
09FC	09FC	10
09FD	09FD	00
09FE	09FE	01
09FF	0A00	00
0A01	0A02	01
0A03	0A04	00
0A05	0A0A	10
0A0B	0A0E	00
0A0F	0A10	10
0A11	0A12	00
0A13	0A28	10
0A29	0A29	00
0A2A	0A30	10
0A31	0A31	00
0A32	0A33	10
0A34	0A34	00
0A35	0A36	10
0A37	0A37	00
0A38	0A39	10
0A3A	0A3B	00
0A3C	0A3C	01
0A3D	0A40	00
0A41	0A42	01
0A43	0A46	00
0A47	0A48	01
0A49	0A4A	00
0A4B	0A4D	01
0A4E	0A50	00
0A51	0A51	01
0A52	0A58	00
0A59	0A5C	10
0A5D	0A5D	00
0A5E	0A5E	10
0A5F	0A65	00
0A66	0A6F	02
0A70	0A71	01
0A72	0A74	10
0A75	0A75	01
0A76	0A80	00
0A81	0A82	01
0A83	0A84	00
0A85	0A8D	10
0A8E	0A8E	00
0A8F	0A91	10
0A92	0A92	00
0A93	0AA8	10
0AA9	0AA9	00
0AAA	0AB0	10
0AB1	0AB1	00
0AB2	0AB3	10
0AB4	0AB4	00
0AB5	0AB9	10
0ABA	0ABB	00
0ABC	0ABC	01
0ABD	0ABD	10
0ABE	0AC0	00
0AC1	0AC5	01
0AC6	0AC6	00
0AC7	0AC8	01
0AC9	0ACC	00
0ACD	0ACD	01
0ACE	0ACF	00
0AD0	0AD0	10
0AD1	0ADF	00
0AE0	0AE1	10
0AE2	0AE3	01
0AE4	0AE5	00
0AE6	0AEF	02
0AF0	0AF8	00
0AF9	0AF9	10
0AFA	0AFF	01
0B00	0B00	00
0B01	0B01	01
0B02	0B04	00
0B05	0B0C	10
0B0D	0B0E	00
0B0F	0B10	10
0B11	0B12	00
0B13	0B28	10
0B29	0B29	00
0B2A	0B30	10
0B31	0B31	00
0B32	0B33	10
0B34	0B34	00
0B35	0B39	10
0B3A	0B3B	00
0B3C	0B3C	01
0B3D	0B3D	10
0B3E	0B3E	00
0B3F	0B3F	01
0B40	0B40	00
0B41	0B44	01
0B45	0B4C	00
0B4D	0B4D	01
0B4E	0B54	00
0B55	0B56	01
0B57	0B5B	00
0B5C	0B5D	10
0B5E	0B5E	00
0B5F	0B61	10
0B62	0B63	01
0B64	0B65	00
0B66	0B6F	02
0B70	0B70	00
0B71	0B71	10
0B72	0B77	08
0B78	0B81	00
0B82	0B82	01
0B83	0B83	10
0B84	0B84	00
0B85	0B8A	10
0B8B	0B8D	00
0B8E	0B90	10
0B91	0B91	00
0B92	0B95	10
0B96	0B98	00
0B99	0B9A	10
0B9B	0B9B	00
0B9C	0B9C	10
0B9D	0B9D	00
0B9E	0B9F	10
0BA0	0BA2	00
0BA3	0BA4	10
0BA5	0BA7	00
0BA8	0BAA	10
0BAB	0BAD	00
0BAE	0BB9	10
0BBA	0BBF	00
0BC0	0BC0	01
0BC1	0BCC	00
0BCD	0BCD	01
0BCE	0BCF	00
0BD0	0BD0	10
0BD1	0BE5	00
0BE6	0BEF	02
0BF0	0BF2	08
0BF3	0BFF	00
0C00	0C00	01
0C01	0C03	00
0C04	0C04	01
0C05	0C0C	10
0C0D	0C0D	00
0C0E	0C10	10
0C11	0C11	00
0C12	0C28	10
0C29	0C29	00
0C2A	0C39	10
0C3A	0C3C	00
0C3D	0C3D	10
0C3E	0C40	01
0C41	0C45	00
0C46	0C48	01
0C49	0C49	00
0C4A	0C4D	01
0C4E	0C54	00
0C55	0C56	01
0C57	0C57	00
0C58	0C5A	10
0C5B	0C5F	00
0C60	0C61	10
0C62	0C63	01
0C64	0C65	00
0C66	0C6F	02
0C70	0C77	00
0C78	0C7E	08
0C7F	0C7F	00
0C80	0C80	10
0C81	0C81	01
0C82	0C84	00
0C85	0C8C	10
0C8D	0C8D	00
0C8E	0C90	10
0C91	0C91	00
0C92	0CA8	10
0CA9	0CA9	00
0CAA	0CB3	10
0CB4	0CB4	00
0CB5	0CB9	10
0CBA	0CBB	00
0CBC	0CBC	01
0CBD	0CBD	10
0CBE	0CBE	00
0CBF	0CBF	01
0CC0	0CC5	00
0CC6	0CC6	01
0CC7	0CCB	00
0CCC	0CCD	01
0CCE	0CDD	00
0CDE	0CDE	10
0CDF	0CDF	00
0CE0	0CE1	10
0CE2	0CE3	01
0CE4	0CE5	00
0CE6	0CEF	02
0CF0	0CF0	00
0CF1	0CF2	10
0CF3	0CFF	00
0D00	0D01	01
0D02	0D03	00
0D04	0D0C	10
0D0D	0D0D	00
0D0E	0D10	10
0D11	0D11	00
0D12	0D3A	10
0D3B	0D3C	01
0D3D	0D3D	10
0D3E	0D40	00
0D41	0D44	01
0D45	0D4C	00
0D4D	0D4D	01
0D4E	0D4E	10
0D4F	0D53	00
0D54	0D56	10
0D57	0D57	00
0D58	0D5E	08
0D5F	0D61	10
0D62	0D63	01
0D64	0D65	00
0D66	0D6F	02
0D70	0D78	08
0D79	0D79	00
0D7A	0D7F	10
0D80	0D80	00
0D81	0D81	01
0D82	0D84	00
0D85	0D96	10
0D97	0D99	00
0D9A	0DB1	10
0DB2	0DB2	00
0DB3	0DBB	10
0DBC	0DBC	00
0DBD	0DBD	10
0DBE	0DBF	00
0DC0	0DC6	10
0DC7	0DC9	00
0DCA	0DCA	01
0DCB	0DD1	00
0DD2	0DD4	01
0DD5	0DD5	00
0DD6	0DD6	01
0DD7	0DE5	00
0DE6	0DEF	02
0DF0	0E00	00
0E01	0E30	10
0E31	0E31	01
0E32	0E33	10
0E34	0E3A	01
0E3B	0E3F	00
0E40	0E45	10
0E46	0E46	20
0E47	0E4E	01
0E4F	0E4F	00
0E50	0E59	02
0E5A	0E80	00
0E81	0E82	10
0E83	0E83	00
0E84	0E84	10
0E85	0E85	00
0E86	0E8A	10
0E8B	0E8B	00
0E8C	0EA3	10
0EA4	0EA4	00
0EA5	0EA5	10
0EA6	0EA6	00
0EA7	0EB0	10
0EB1	0EB1	01
0EB2	0EB3	10
0EB4	0EBC	01
0EBD	0EBD	10
0EBE	0EBF	00
0EC0	0EC4	10
0EC5	0EC5	00
0EC6	0EC6	20
0EC7	0EC7	00
0EC8	0ECD	01
0ECE	0ECF	00
0ED0	0ED9	02
0EDA	0EDB	00
0EDC	0EDF	10
0EE0	0EFF	00
0F00	0F00	10
0F01	0F17	00
0F18	0F19	01
0F1A	0F1F	00
0F20	0F29	02
0F2A	0F33	08
0F34	0F34	00
0F35	0F35	01
0F36	0F36	00
0F37	0F37	01
0F38	0F38	00
0F39	0F39	01
0F3A	0F3F	00
0F40	0F47	10
0F48	0F48	00
0F49	0F6C	10
0F6D	0F70	00
0F71	0F7E	01
0F7F	0F7F	00
0F80	0F84	01
0F85	0F85	00
0F86	0F87	01
0F88	0F8C	10
0F8D	0F97	01
0F98	0F98	00
0F99	0FBC	01
0FBD	0FC5	00
0FC6	0FC6	01
0FC7	0FFF	00
1000	102A	10
102B	102C	00
102D	1030	01
1031	1031	00
1032	1037	01
1038	1038	00
1039	103A	01
103B	103C	00
103D	103E	01
103F	103F	10
1040	1049	02
104A	104F	00
1050	1055	10
1056	1057	00
1058	1059	01
105A	105D	10
105E	1060	01
1061	1061	10
1062	1064	00
1065	1066	10
1067	106D	00
106E	1070	10
1071	1074	01
1075	1081	10
1082	1082	01
1083	1084	00
1085	1086	01
1087	108C	00
108D	108D	01
108E	108E	10
108F	108F	00
1090	1099	02
109A	109C	00
109D	109D	01
109E	109F	00
10A0	10C5	20
10C6	10C6	00
10C7	10C7	20
10C8	10CC	00
10CD	10CD	20
10CE	10CF	00
10D0	10FA	20
10FB	10FB	00
10FC	10FF	20
1100	1248	10
1249	1249	00
124A	124D	10
124E	124F	00
1250	1256	10
1257	1257	00
1258	1258	10
1259	1259	00
125A	125D	10
125E	125F	00
1260	1288	10
1289	1289	00
128A	128D	10
128E	128F	00
1290	12B0	10
12B1	12B1	00
12B2	12B5	10
12B6	12B7	00
12B8	12BE	10
12BF	12BF	00
12C0	12C0	10
12C1	12C1	00
12C2	12C5	10
12C6	12C7	00
12C8	12D6	10
12D7	12D7	00
12D8	1310	10
1311	1311	00
1312	1315	10
1316	1317	00
1318	135A	10
135B	135C	00
135D	135F	01
1360	1368	00
1369	137C	08
137D	137F	00
1380	138F	10
1390	139F	00
13A0	13F5	20
13F6	13F7	00
13F8	13FD	20
13FE	1400	00
1401	166C	10
166D	166E	00
166F	167F	10
1680	1680	00
1681	169A	10
169B	169F	00
16A0	16EA	10
16EB	16ED	00
16EE	16F0	04
16F1	16F8	10
16F9	16FF	00
1700	170C	10
170D	170D	00
170E	1711	10
1712	1714	01
1715	171F	00
1720	1731	10
1732	1734	01
1735	173F	00
1740	1751	10
1752	1753	01
1754	175F	00
1760	176C	10
176D	176D	00
176E	1770	10
1771	1771	00
1772	1773	01
1774	177F	00
1780	17B3	10
17B4	17B5	01
17B6	17B6	00
17B7	17BD	01
17BE	17C5	00
17C6	17C6	01
17C7	17C8	00
17C9	17D3	01
17D4	17D6	00
17D7	17D7	20
17D8	17DB	00
17DC	17DC	10
17DD	17DD	01
17DE	17DF	00
17E0	17E9	02
17EA	17EF	00
17F0	17F9	08
17FA	180A	00
180B	180D	01
180E	180F	00
1810	1819	02
181A	181F	00
1820	1842	10
1843	1843	20
1844	1878	10
1879	187F	00
1880	1884	10
1885	1886	01
1887	18A8	10
18A9	18A9	01
18AA	18AA	10
18AB	18AF	00
18B0	18F5	10
18F6	18FF	00
1900	191E	10
191F	191F	00
1920	1922	01
1923	1926	00
1927	1928	01
1929	1931	00
1932	1932	01
1933	1938	00
1939	193B	01
193C	1945	00
1946	194F	02
1950	196D	10
196E	196F	00
1970	1974	10
1975	197F	00
1980	19AB	10
19AC	19AF	00
19B0	19C9	10
19CA	19CF	00
19D0	19D9	02
19DA	19DA	08
19DB	19FF	00
1A00	1A16	10
1A17	1A18	01
1A19	1A1A	00
1A1B	1A1B	01
1A1C	1A1F	00
1A20	1A54	10
1A55	1A55	00
1A56	1A56	01
1A57	1A57	00
1A58	1A5E	01
1A5F	1A5F	00
1A60	1A60	01
1A61	1A61	00
1A62	1A62	01
1A63	1A64	00
1A65	1A6C	01
1A6D	1A72	00
1A73	1A7C	01
1A7D	1A7E	00
1A7F	1A7F	01
1A80	1A89	02
1A8A	1A8F	00
1A90	1A99	02
1A9A	1AA6	00
1AA7	1AA7	20
1AA8	1AAF	00
1AB0	1ABD	01
1ABE	1ABE	00
1ABF	1AC0	01
1AC1	1AFF	00
1B00	1B03	01
1B04	1B04	00
1B05	1B33	10
1B34	1B34	01
1B35	1B35	00
1B36	1B3A	01
1B3B	1B3B	00
1B3C	1B3C	01
1B3D	1B41	00
1B42	1B42	01
1B43	1B44	00
1B45	1B4B	10
1B4C	1B4F	00
1B50	1B59	02
1B5A	1B6A	00
1B6B	1B73	01
1B74	1B7F	00
1B80	1B81	01
1B82	1B82	00
1B83	1BA0	10
1BA1	1BA1	00
1BA2	1BA5	01
1BA6	1BA7	00
1BA8	1BA9	01
1BAA	1BAA	00
1BAB	1BAD	01
1BAE	1BAF	10
1BB0	1BB9	02
1BBA	1BE5	10
1BE6	1BE6	01
1BE7	1BE7	00
1BE8	1BE9	01
1BEA	1BEC	00
1BED	1BED	01
1BEE	1BEE	00
1BEF	1BF1	01
1BF2	1BFF	00
1C00	1C23	10
1C24	1C2B	00
1C2C	1C33	01
1C34	1C35	00
1C36	1C37	01
1C38	1C3F	00
1C40	1C49	02
1C4A	1C4C	00
1C4D	1C4F	10
1C50	1C59	02
1C5A	1C77	10
1C78	1C7D	20
1C7E	1C7F	00
1C80	1C88	20
1C89	1C8F	00
1C90	1CBA	20
1CBB	1CBC	00
1CBD	1CBF	20
1CC0	1CCF	00
1CD0	1CD2	01
1CD3	1CD3	00
1CD4	1CE0	01
1CE1	1CE1	00
1CE2	1CE8	01
1CE9	1CEC	10
1CED	1CED	01
1CEE	1CF3	10
1CF4	1CF4	01
1CF5	1CF6	10
1CF7	1CF7	00
1CF8	1CF9	01
1CFA	1CFA	10
1CFB	1CFF	00
1D00	1DBF	20
1DC0	1DF9	01
1DFA	1DFA	00
1DFB	1DFF	01
1E00	1F15	20
1F16	1F17	00
1F18	1F1D	20
1F1E	1F1F	00
1F20	1F45	20
1F46	1F47	00
1F48	1F4D	20
1F4E	1F4F	00
1F50	1F57	20
1F58	1F58	00
1F59	1F59	20
1F5A	1F5A	00
1F5B	1F5B	20
1F5C	1F5C	00
1F5D	1F5D	20
1F5E	1F5E	00
1F5F	1F7D	20
1F7E	1F7F	00
1F80	1FB4	20
1FB5	1FB5	00
1FB6	1FBC	20
1FBD	1FBD	00
1FBE	1FBE	20
1FBF	1FC1	00
1FC2	1FC4	20
1FC5	1FC5	00
1FC6	1FCC	20
1FCD	1FCF	00
1FD0	1FD3	20
1FD4	1FD5	00
1FD6	1FDB	20
1FDC	1FDF	00
1FE0	1FEC	20
1FED	1FF1	00
1FF2	1FF4	20
1FF5	1FF5	00
1FF6	1FFC	20
1FFD	206F	00
2070	2070	08
2071	2071	20
2072	2073	00
2074	2079	08
207A	207E	00
207F	207F	20
2080	2089	08
208A	208F	00
2090	209C	20
209D	20CF	00
20D0	20DC	01
20DD	20E0	00
20E1	20E1	01
20E2	20E4	00
20E5	20F0	01
20F1	2101	00
2102	2102	20
2103	2106	00
2107	2107	20
2108	2109	00
210A	2113	20
2114	2114	00
2115	2115	20
2116	2118	00
2119	211D	20
211E	2123	00
2124	2124	20
2125	2125	00
2126	2126	20
2127	2127	00
2128	2128	20
2129	2129	00
212A	212D	20
212E	212E	00
212F	2134	20
2135	2138	10
2139	2139	20
213A	213B	00
213C	213F	20
2140	2144	00
2145	2149	20
214A	214D	00
214E	214E	20
214F	214F	00
2150	215F	08
2160	2182	04
2183	2184	20
2185	2188	04
2189	2189	08
218A	245F	00
2460	249B	08
249C	24E9	00
24EA	24FF	08
2500	2775	00
2776	2793	08
2794	2BFF	00
2C00	2C2E	20
2C2F	2C2F	00
2C30	2C5E	20
2C5F	2C5F	00
2C60	2CE4	20
2CE5	2CEA	00
2CEB	2CEE	20
2CEF	2CF1	01
2CF2	2CF3	20
2CF4	2CFC	00
2CFD	2CFD	08
2CFE	2CFF	00
2D00	2D25	20
2D26	2D26	00
2D27	2D27	20
2D28	2D2C	00
2D2D	2D2D	20
2D2E	2D2F	00
2D30	2D67	10
2D68	2D6E	00
2D6F	2D6F	20
2D70	2D7E	00
2D7F	2D7F	01
2D80	2D96	10
2D97	2D9F	00
2DA0	2DA6	10
2DA7	2DA7	00
2DA8	2DAE	10
2DAF	2DAF	00
2DB0	2DB6	10
2DB7	2DB7	00
2DB8	2DBE	10
2DBF	2DBF	00
2DC0	2DC6	10
2DC7	2DC7	00
2DC8	2DCE	10
2DCF	2DCF	00
2DD0	2DD6	10
2DD7	2DD7	00
2DD8	2DDE	10
2DDF	2DDF	00
2DE0	2DFF	01
2E00	2E2E	00
2E2F	2E2F	20
2E30	3004	00
3005	3005	20
3006	3006	10
3007	3007	04
3008	3020	00
3021	3029	04
302A	302D	01
302E	3030	00
3031	3035	20
3036	3037	00
3038	303A	04
303B	303B	20
303C	303C	10
303D	3040	00
3041	3096	10
3097	3098	00
3099	309A	01
309B	309C	00
309D	309E	20
309F	309F	10
30A0	30A0	00
30A1	30FA	10
30FB	30FB	00
30FC	30FE	20
30FF	30FF	10
3100	3104	00
3105	312F	10
3130	3130	00
3131	318E	10
318F	3191	00
3192	3195	08
3196	319F	00
31A0	31BF	10
31C0	31EF	00
31F0	31FF	10
3200	321F	00
3220	3229	08
322A	3247	00
3248	324F	08
3250	3250	00
3251	325F	08
3260	327F	00
3280	3289	08
328A	32B0	00
32B1	32BF	08
32C0	33FF	00
3400	4DBF	10
4DC0	4DFF	00
4E00	9FFC	10
9FFD	9FFF	00
A000	A014	10
A015	A015	20
A016	A48C	10
A48D	A4CF	00
A4D0	A4F7	10
A4F8	A4FD	20
A4FE	A4FF	00
A500	A60B	10
A60C	A60C	20
A60D	A60F	00
A610	A61F	10
A620	A629	02
A62A	A62B	10
A62C	A63F	00
A640	A66D	20
A66E	A66E	10
A66F	A66F	01
A670	A673	00
A674	A67D	01
A67E	A67E	00
A67F	A69D	20
A69E	A69F	01
A6A0	A6E5	10
A6E6	A6EF	04
A6F0	A6F1	01
A6F2	A716	00
A717	A71F	20
A720	A721	00
A722	A788	20
A789	A78A	00
A78B	A78E	20
A78F	A78F	10
A790	A7BF	20
A7C0	A7C1	00
A7C2	A7CA	20
A7CB	A7F4	00
A7F5	A7F6	20
A7F7	A7F7	10
A7F8	A7FA	20
A7FB	A801	10
A802	A802	01
A803	A805	10
A806	A806	01
A807	A80A	10
A80B	A80B	01
A80C	A822	10
A823	A824	00
A825	A826	01
A827	A82B	00
A82C	A82C	01
A82D	A82F	00
A830	A835	08
A836	A83F	00
A840	A873	10
A874	A881	00
A882	A8B3	10
A8B4	A8C3	00
A8C4	A8C5	01
A8C6	A8CF	00
A8D0	A8D9	02
A8DA	A8DF	00
A8E0	A8F1	01
A8F2	A8F7	10
A8F8	A8FA	00
A8FB	A8FB	10
A8FC	A8FC	00
A8FD	A8FE	10
A8FF	A8FF	01
A900	A909	02
A90A	A925	10
A926	A92D	01
A92E	A92F	00
A930	A946	10
A947	A951	01
A952	A95F	00
A960	A97C	10
A97D	A97F	00
A980	A982	01
A983	A983	00
A984	A9B2	10
A9B3	A9B3	01
A9B4	A9B5	00
A9B6	A9B9	01
A9BA	A9BB	00
A9BC	A9BD	01
A9BE	A9CE	00
A9CF	A9CF	20
A9D0	A9D9	02
A9DA	A9DF	00
A9E0	A9E4	10
A9E5	A9E5	01
A9E6	A9E6	20
A9E7	A9EF	10
A9F0	A9F9	02
A9FA	A9FE	10
A9FF	A9FF	00
AA00	AA28	10
AA29	AA2E	01
AA2F	AA30	00
AA31	AA32	01
AA33	AA34	00
AA35	AA36	01
AA37	AA3F	00
AA40	AA42	10
AA43	AA43	01
AA44	AA4B	10
AA4C	AA4C	01
AA4D	AA4F	00
AA50	AA59	02
AA5A	AA5F	00
AA60	AA6F	10
AA70	AA70	20
AA71	AA76	10
AA77	AA79	00
AA7A	AA7A	10
AA7B	AA7B	00
AA7C	AA7C	01
AA7D	AA7D	00
AA7E	AAAF	10
AAB0	AAB0	01
AAB1	AAB1	10
AAB2	AAB4	01
AAB5	AAB6	10
AAB7	AAB8	01
AAB9	AABD	10
AABE	AABF	01
AAC0	AAC0	10
AAC1	AAC1	01
AAC2	AAC2	10
AAC3	AADA	00
AADB	AADC	10
AADD	AADD	20
AADE	AADF	00
AAE0	AAEA	10
AAEB	AAEB	00
AAEC	AAED	01
AAEE	AAF1	00
AAF2	AAF2	10
AAF3	AAF4	20
AAF5	AAF5	00
AAF6	AAF6	01
AAF7	AB00	00
AB01	AB06	10
AB07	AB08	00
AB09	AB0E	10
AB0F	AB10	00
AB11	AB16	10
AB17	AB1F	00
AB20	AB26	10
AB27	AB27	00
AB28	AB2E	10
AB2F	AB2F	00
AB30	AB5A	20
AB5B	AB5B	00
AB5C	AB69	20
AB6A	AB6F	00
AB70	ABBF	20
ABC0	ABE2	10
ABE3	ABE4	00
ABE5	ABE5	01
ABE6	ABE7	00
ABE8	ABE8	01
ABE9	ABEC	00
ABED	ABED	01
ABEE	ABEF	00
ABF0	ABF9	02
ABFA	ABFF	00
AC00	D7A3	10
D7A4	D7AF	00
D7B0	D7C6	10
D7C7	D7CA	00
D7CB	D7FB	10
D7FC	F8FF	00
F900	FA6D	10
FA6E	FA6F	00
FA70	FAD9	10
FADA	FAFF	00
FB00	FB06	20
FB07	FB12	00
FB13	FB17	20
FB18	FB1C	00
FB1D	FB1D	10
FB1E	FB1E	01
FB1F	FB28	10
FB29	FB29	00
FB2A	FB36	10
FB37	FB37	00
FB38	FB3C	10
FB3D	FB3D	00
FB3E	FB3E	10
FB3F	FB3F	00
FB40	FB41	10
FB42	FB42	00
FB43	FB44	10
FB45	FB45	00
FB46	FBB1	10
FBB2	FBD2	00
FBD3	FD3D	10
FD3E	FD4F	00
FD50	FD8F	10
FD90	FD91	00
FD92	FDC7	10
FDC8	FDEF	00
FDF0	FDFB	10
FDFC	FDFF	00
FE00	FE0F	01
FE10	FE1F	00
FE20	FE2F	01
FE30	FE6F	00
FE70	FE74	10
FE75	FE75	00
FE76	FEFC	10
FEFD	FF0F	00
FF10	FF19	02
FF1A	FF20	00
FF21	FF3A	20
FF3B	FF40	00
FF41	FF5A	20
FF5B	FF65	00
FF66	FF6F	10
FF70	FF70	20
FF71	FF9D	10
FF9E	FF9F	20
FFA0	FFBE	10
FFBF	FFC1	00
FFC2	FFC7	10
FFC8	FFC9	00
FFCA	FFCF	10
FFD0	FFD1	00
FFD2	FFD7	10
FFD8	FFD9	00
FFDA	FFDC	10
FFDD	FFFF	00
